"","Generation","mean","stddev"
"1","A",319.902752258333,16.3073456797784
"2","B",306.061162329167,13.8362616025268
"3","C",203.393299534167,122.685015010792
"4","D",192.524319962437,134.909140827843
